[  
    {
      "id": 1,
      "name": "Falcon Stylish Cotton Shirts for Men",
      "price": {
        "oldPrice": 1299.00,
        "newPrice": 999.00
      },
      "discount": 22,
        "img": {
            "singleImage": "./images/product1.png",
            "thumbs": [
                "./images/product1.png",
                "./images/product1.png",
                "./images/product1.png"
            ]
        }
    },
    {
        "id": 2,
        "name": "AIA Fab Men Solid Casual Light Green Shirt",
        "price": {
            "oldPrice": 1399.00,
            "newPrice": 1199.00
        },
        "discount": 33,
        "img": {
            "singleImage": "./images/product2.png",
            "thumbs": [
                "./images/product2.png",
                "./images/product2.png",
                "./images/product2.png"
            ]
        }
    },
    {
        "id": 3,
        "name": "Snitch Men Self Design Casual Grey Shirt",
        "price": {
            "oldPrice": 1599.00,
            "newPrice": 1299.00
        },
        "discount": 90,
        "img": {
            "singleImage": "./images/product3.png",
            "thumbs": [
                "./images/product3.png",
                "./images/product3.png",
                "./images/product3.png"
            ]
        }
    },
    {
        "id": 4,
        "name": "Blive Men Solid Formal White Shirt",
        "price": {
            "oldPrice": 1499.00,
            "newPrice": 1100.00
        },
        "discount": 40,
        "img": {
            "singleImage": "./images/product4.png",
            "thumbs": [
                "./images/product4.png",
                "./images/product4.png",
                "./images/product4.png"
            ]
        }
    },
    {
        "id": 5,
        "name": "Vastrakaalam Black Formal Pant for Men",
        "price": {
            "oldPrice": 1799.00,
            "newPrice": 1599.00
        },
        "discount": 40,
        "img": {
            "singleImage": "./images/product5.png",
            "thumbs": [
                "./images/product5.png",
                "./images/product5.png",
                "./images/product5.png"
            ]
        }
    },
    {
        "id": 6,
        "name": "Ragzo Baggy Formal Pant for Men",
        "price": {
            "oldPrice": 1999.00,
            "newPrice": 1299.00
        },
        "discount": 10,
        "img": {
            "singleImage": "./images/product6.png",
            "thumbs": [
                "./images/product6.png",
                "./images/product6.png",
                "./images/product6.png"
            ]
        }
    },
    {
        "id": 7,
        "name": "Vimla Regular Fit Men Black Formal Pant",
        "price": {
            "oldPrice": 1899.00,
            "newPrice": 1399.00
        },
        "discount": 10,
        "img": {
            "singleImage": "./images/product7.png",
            "thumbs": [
                "./images/product7.png",
                "./images/product7.png",
                "./images/product7.png"
            ]
        }
    },
    {
        "id": 8,
        "name": "McHenry Men's Regular Fit Formal Pant",
        "price": {
            "oldPrice": 1999.00,
            "newPrice": 1699.00
        },
        "discount": 10,
        "img": {
            "singleImage": "./images/product8.png",
            "thumbs": [
                "./images/product8.png",
                "./images/product8.png",
                "./images/product8.png"
            ]
        }
    },
    {
        "id": 9,
        "name": "Casio Analog Blue Dial SIiver Stainless Steel Watch",
        "price": {
            "oldPrice": 3299.00,
            "newPrice": 2699.00
        },
        "discount": 10,
        "img": {
            "singleImage": "./images/product9.png",
            "thumbs": [
                "./images/product9.png",
                "./images/product9.png",
                "./images/product9.png"
            ]
        }
    },
    {
        "id": 10,
        "name": "Titan Blue Dial Analog Watch For Men",
        "price": {
            "oldPrice": 4299.00,
            "newPrice": 3799.00
        },
        "discount": 10,
        "img": {
            "singleImage": "./images/product10.png",
            "thumbs": [
                "./images/product10.png",
                "./images/product10.png",
                "./images/product10.png"
            ]
        }
    },
    {
        "id": 11,
        "name": "Fastrack White Dial Analog Watch For Men",
        "price": {
            "oldPrice": 2499.00,
            "newPrice": 1699.00
        },
        "discount": 10,
        "img": {
            "singleImage": "./images/product11.png",
            "thumbs": [
                "./images/product11.png",
                "./images/product11.png",
                "./images/product11.png"
            ]
        }
    },
    {
        "id": 12,
        "name": "Matrix Antique Softest Silicone Strap Analog Watch for Men",
        "price": {
            "oldPrice": 3599.00,
            "newPrice": 2999.00
        },
        "discount": 10,
        "img": {
            "singleImage": "./images/product12.png",
            "thumbs": [
                "./images/product12.png",
                "./images/product12.png",
                "./images/product12.png"
            ]
        }
    },
    {
        "id": 13,
        "name": "Jaden Backpack with USB Charging Port for Men",
        "price": {
            "oldPrice": 2499.00,
            "newPrice": 2999.00
        },
        "discount": 10,
        "img": {
            "singleImage": "./images/product13.png",
            "thumbs": [
                "./images/product13.png",
                "./images/product13.png",
                "./images/product13.png"
            ]
        }
    },
    {
        "id": 14,
        "name": "Safari Omega Pro 35L Laptop Backpack",
        "price": {
            "oldPrice": 2999.00,
            "newPrice": 1999.00
        },
        "discount": 10,
        "img": {
            "singleImage": "./images/product14.png",
            "thumbs": [
                "./images/product14.png",
                "./images/product14.png",
                "./images/product14.png"
            ]
        }
    },
    {
        "id": 15,
        "name": "Mokobara Men & Women Blue Bag",
        "price": {
            "oldPrice": 3499.00,
            "newPrice": 2999.00
        },
        "discount": 10,
        "img": {
            "singleImage": "./images/product15.png",
            "thumbs": [
                "./images/product15.png",
                "./images/product15.png",
                "./images/product15.png"
            ]
        }
    },
    {
        "id": 16,
        "name": "uppercase Omega 02 Professional Laptop Office Bag",
        "price": {
            "oldPrice": 4499.00,
            "newPrice": 2999.00
        },
        "discount": 10,
        "img": {
            "singleImage": "./images/product16.png",
            "thumbs": [
                "./images/product16.png",
                "./images/product16.png",
                "./images/product16.png"
            ]
        }
    },
    {
        "id": 17,
        "name": "Jockey 7035 Crew Length Socks",
        "price": {
            "oldPrice": 499.00,
            "newPrice": 299.00
        },
        "discount": 10,
        "img": {
            "singleImage": "./images/product17.png",
            "thumbs": [
                "./images/product17.png",
                "./images/product17.png",
                "./images/product17.png"
            ]
        }
    },
    {
        "id": 18,
        "name": "Peter England Men Solid Mid-Calf",
        "price": {
            "oldPrice": 399.00,
            "newPrice": 289.00
        },
        "discount": 10,
        "img": {
            "singleImage": "./images/product18.png",
            "thumbs": [
                "./images/product18.png",
                "./images/product18.png",
                "./images/product18.png"
            ]
        }
    },
    {
        "id": 19,
        "name": "Pack of 3 Mid-Calf Length Socks",
        "price": {
            "oldPrice": 499.00,
            "newPrice": 299.00
        },
        "discount": 10,
        "img": {
            "singleImage": "./images/product19.png",
            "thumbs": [
                "./images/product19.png",
                "./images/product19.png",
                "./images/product19.png"
            ]
        }
    },
    {
        "id": 20,
        "name": "NAVYSPOT Men Pack of 3 Assorted Patterned",
        "price": {
            "oldPrice": 699.00,
            "newPrice": 499.00
        },
        "discount": 10,
        "img": {
            "singleImage": "./images/product20.png",
            "thumbs": [
                "./images/product20.png",
                "./images/product20.png",
                "./images/product20.png"
            ]
        }
    },
    {
        "id": 21,
        "name": "Bata Mens Barlow LACE E Brown Formal UK",
        "price": {
            "oldPrice": 3999.00,
            "newPrice": 1999.00
        },
        "discount": 10,
        "img": {
            "singleImage": "./images/product21.png",
            "thumbs": [
                "./images/product21.png",
                "./images/product21.png",
                "./images/product21.png"
            ]
        }
    },
    {
        "id": 22,
        "name": "Fausto Formal Shoes for Men",
        "price": {
            "oldPrice": 5999.00,
            "newPrice": 3499.00
        },
        "discount": 10,
        "img": {
            "singleImage": "./images/product22.png",
            "thumbs": [
                "./images/product22.png",
                "./images/product22.png",
                "./images/product22.png"
            ]
        }
    },
    {
        "id": 23,
        "name": "Centrino Men's Formal Shoe",
        "price": {
            "oldPrice": 4999.00,
            "newPrice": 2999.00
        },
        "discount": 10,
        "img": {
            "singleImage": "./images/product23.png",
            "thumbs": [
                "./images/product23.png",
                "./images/product23.png",
                "./images/product23.png"
            ]
        }
    },
    {
        "id": 24,
        "name": "Hush Puppies Men's Boston Slipon Formal Shoe",
        "price": {
            "oldPrice": 2999.00,
            "newPrice": 1799.00
        },
        "discount": 10,
        "img": {
            "singleImage": "./images/product24.png",
            "thumbs": [
                "./images/product24.png",
                "./images/product24.png",
                "./images/product24.png"
            ]
        }
    },
    {
        "id": 25,
        "name": "Peluche Fabulous Dark Green and Black Microfiber Tie",
        "price": {
            "oldPrice": 699.00,
            "newPrice": 499.00
        },
        "discount": 10,
        "img": {
            "singleImage": "./images/product25.png",
            "thumbs": [
                "./images/product25.png",
                "./images/product25.png",
                "./images/product25.png"
            ]
        }
    },
    {
        "id": 26,
        "name": "Axlon Navy Dotted Tie Set for Men",
        "price": {
            "oldPrice": 799.00,
            "newPrice": 599.00
        },
        "discount": 10,
        "img": {
            "singleImage": "./images/product26.png",
            "thumbs": [
                "./images/product26.png",
                "./images/product26.png",
                "./images/product26.png"
            ]
        }
    },
    {
        "id": 27,
        "name": "Neuroclub Self Design Tie",
        "price": {
            "oldPrice": 599.00,
            "newPrice": 499.00
        },
        "discount": 10,
        "img": {
            "singleImage": "./images/product27.png",
            "thumbs": [
                "./images/product27.png",
                "./images/product27.png",
                "./images/product27.png"
            ]
        }
    },
    {
        "id": 28,
        "name": "Nines Red Polyster Men's Tie, Pocket Square",
        "price": {
            "oldPrice": 899.00,
            "newPrice": 549.00
        },
        "discount": 10,
        "img": {
            "singleImage": "./images/product28.png",
            "thumbs": [
                "./images/product28.png",
                "./images/product28.png",
                "./images/product28.png"
            ]
        }
    },
    {
        "id": 29,
        "name": "Sayona Women Solid Formal Grey Shirt",
        "price": {
            "oldPrice": 1299.00,
            "newPrice": 999.00
        },
        "discount": 10,
        "img": {
            "singleImage": "./images/product29.png",
            "thumbs": [
                "./images/product29.png",
                "./images/product29.png",
                "./images/product29.png"
            ]
        }
    },
    {
        "id": 30,
        "name": "Guvvi Women Solid Formal Pink Shirt",
        "price": {
            "oldPrice": 999.00,
            "newPrice": 799.00
        },
        "discount": 10,
        "img": {
            "singleImage": "./images/product30.png",
            "thumbs": [
                "./images/product30.png",
                "./images/product30.png",
                "./images/product30.png"
            ]
        }
    },
    {
        "id": 31,
        "name": "Formal Regular Sleeves Women Top",
        "price": {
            "oldPrice": 999.00,
            "newPrice": 799.00
        },
        "discount": 10,
        "img": {
            "singleImage": "./images/product31.png",
            "thumbs": [
                "./images/product31.png",
                "./images/product31.png",
                "./images/product31.png"
            ]
        }
    },
    {
        "id": 32,
        "name": "Metronaut Women Solid Formal Black Shirt",
        "price": {
            "oldPrice": 1399.00,
            "newPrice": 1199.00
        },
        "discount": 10,
        "img": {
            "singleImage": "./images/product32.png",
            "thumbs": [
                "./images/product32.png",
                "./images/product32.png",
                "./images/product32.png"
            ]
        }
    },
    {
        "id": 33,
        "name": "Kotty Regular Fit Dark Green Formal Pant",
        "price": {
            "oldPrice": 1499.00,
            "newPrice": 1299.00
        },
        "discount": 10,
        "img": {
            "singleImage": "./images/product33.png",
            "thumbs": [
                "./images/product33.png",
                "./images/product33.png",
                "./images/product33.png"
            ]
        }
    },
    {
        "id": 34,
        "name": "Polyster Women Blend Formal Pant",
        "price": {
            "oldPrice": 1599.00,
            "newPrice": 1299.00
        },
        "discount": 10,
        "img": {
            "singleImage": "./images/product34.png",
            "thumbs": [
                "./images/product34.png",
                "./images/product34.png",
                "./images/product34.png"
            ]
        }
    },
    {
        "id": 35,
        "name": "suhu Regular Fit Women Black Formal Pant",
        "price": {
            "oldPrice": 1499.00,
            "newPrice": 1199.00
        },
        "discount": 10,
        "img": {
            "singleImage": "./images/product35.png",
            "thumbs": [
                "./images/product35.png",
                "./images/product35.png",
                "./images/product35.png"
            ]
        }
    },
    {
        "id": 36,
        "name": "Sabaira Regular Fit Women Red Formal Pant",
        "price": {
            "oldPrice": 1699.00,
            "newPrice": 1299.00
        },
        "discount": 10,
        "img": {
            "singleImage": "./images/product36.png",
            "thumbs": [
                "./images/product36.png",
                "./images/product36.png",
                "./images/product36.png"
            ]
        }
    },
    {
        "id": 37,
        "name": "Fausto Women Formal Wedge Heel Slip",
        "price": {
            "oldPrice": 899.00,
            "newPrice": 699.00
        },
        "discount": 10,
        "img": {
            "singleImage": "./images/product37.png",
            "thumbs": [
                "./images/product37.png",
                "./images/product37.png",
                "./images/product37.png"
            ]
        }
    },
    {
        "id": 38,
        "name": "Marc Loire Women Black Solid Pumps",
        "price": {
            "oldPrice": 996.00,
            "newPrice": 699.00
        },
        "discount": 10,
        "img": {
            "singleImage": "./images/product38.png",
            "thumbs": [
                "./images/product38.png",
                "./images/product38.png",
                "./images/product38.png"
            ]
        }
    },
    {
        "id": 39,
        "name": "Fausto Fashion Formal Office Heel Wedges",
        "price": {
            "oldPrice": 810.00,
            "newPrice": 699.00
        },
        "discount": 10,
        "img": {
            "singleImage": "./images/product39.png",
            "thumbs": [
                "./images/product39.png",
                "./images/product39.png",
                "./images/product39.png"
            ]
        }
    },
    {
        "id": 40,
        "name": "XE LOOKS Work Wedge Pumps Formal",
        "price": {
            "oldPrice": 850.00,
            "newPrice": 550.00
        },
        "discount": 10,
        "img": {
            "singleImage": "./images/product40.png",
            "thumbs": [
                "./images/product40.png",
                "./images/product40.png",
                "./images/product40.png"
            ]
        }
    }
]
